{"header": {"height": 2, "timestamp": 1694382226, "previousblock": "5f7d02af4574bc541b42d46ae41ba6149e117be269be3e28603899dc4ddc2e9a", "hash": "00f34872f21eba2bd8fc001385962719d7fe7fdc26f33e28cab9bdfd34c15f0c"}, "body": [{"hash": "1dd782da1bcc7a1049ed395e9b5b80a3906a23b988263161ff352318e5bf54b5", "content": {"Timestamp": 1694382226, "From": "Vira", "To": "Chantel", "Amount": "50"}}, {"hash": "f47ae3625bd4dcebbb2c5851cceed5e7a84fb8c4c533c77537ddfda30d236b3d", "content": {"Timestamp": 1694382197, "From": "Chantel", "To": "Hamid", "Amount": "300"}}]}